2025-11-30T08:08:08.102084Z,test_simple_fact::What is the capital of France?,Paris is the capital of France and has a population of 2 million. Tokyo is the capital of Japan and has a population of 1 thousand. Cairo is the capital of Egypt and has a population of 10 million.,"Based on the sources provided, Paris is the capital of France1. The source also notes that Paris has a population of 2 million1.",0.763667
2025-11-30T08:08:51.409292Z,test_exact_definition::what is test complexity?,"Test coverage is the measure of how much of a system is exercised by testing. Test complexity refers to the difficulty of designing, executing, and maintaining tests. Accuracy means the degree to which a result matches the true value. Consistency refers to the stability of results when the same process is repeated.","Test complexity refers to the difficulty of designing, executing, and maintaining tests1.",0.710534
2025-11-30T08:14:46.006681Z,test_exact_definition::what is test complexity?,"Test coverage is the measure of how much of a system is exercised by testing. Test complexity refers to the difficulty of designing, executing, and maintaining tests. Accuracy means the degree to which a result matches the true value. Consistency refers to the stability of results when the same process is repeated.","Test complexity refers to the difficulty of designing, executing, and maintaining tests1.",0.710534
2025-11-30T08:14:58.231676Z,test_list_answer::List three primary colors in traditional color theory.,"In traditional color theory, primary colors are red, yellow, and blue because they cannot be created by mixing other colors. Secondary colors are green, orange, and purple, and they are created by mixing equal parts of two primary colors: red + yellow = orange; blue + yellow = green; and red + blue = purple. Primary colors Red, yellow, and blue. These are the base colors from which all others are derived. They are called primary because they cannot be created by mixing other colors. Secondary colors","The three primary colors in traditional color theory are red, yellow, and blue1. These colors are called primary because they cannot be created by mixing other colors1. They function as the base colors from which all other colors are derived1.",0.904801
2025-11-30T08:15:10.822206Z,test_multi_fact::Name two advantages of automated software testing.,"Tab 1 Automated software testing offers numerous advantages over manual testing, particularly in modern software development environments. Key benefits include: Automated tests execute significantly faster than manual tests, allowing for more frequent and rapid feedback on code changes. This accelerates the testing cycle and enables quicker release cycles. Automated tests eliminate human error, ensuring consistent execution and accurate results every time. This leads to more reliable bug detection and reduced risk of defects slipping into production. Automation allows for the creation and execution of a larger volume of test cases, including complex and repetitive scenarios that are impractical to test manually. This leads to more comprehensive coverage of the application's functionality. While initial setup requires investment, automated tests can be run repeatedly without additional labor costs, leading to significant cost savings over time compared to the ongoing expense of manual testing. Automated tests can be integrated into the continuous integration/continuous delivery (CI/CD) pipeline, allowing for automatic execution after every code change. This ""shift-left"" approach enables early detection and resolution of bugs, which is significantly cheaper than fixing them later in the development cycle. Automated test scripts can be easily adapted and reused across different environments, platforms, and even different projects, promoting scalability and reducing redundant effort. Automation handles repetitive and time-consuming tests, allowing manual testers to focus on more complex, exploratory, and creative testing activities that require human intuition and critical thinking. Automated test reports provide clear and consistent insights into the application's quality","Two advantages of automated software testing are Increased Speed and Efficiency and Enhanced Accuracy and Reliability1. 1. Increased Speed and Efficiency: Automated tests execute significantly faster than manual tests1. This speed allows for more frequent and rapid feedback on code changes, ultimately accelerating the testing cycle and enabling quicker release cycles in modern software development1. 2. Enhanced Accuracy and Reliability: Automated tests ensure consistent execution and accurate results every time because they eliminate human error1. This consistency leads to more reliable bug detection and reduces the risk of defects slipping into production1. Other key benefits of automation mentioned in the sources include greater test coverage, earlier bug detection (a ""shift-left"" approach), cost savings in the long run, and freeing up manual testers to focus on higher-value, exploratory tasks1.",0.729514
2025-11-30T08:15:24.598330Z,test_non_available_content::what is Artificial Intelligence?,"In traditional color theory, primary colors are red, yellow, and blue because they cannot be created by mixing other colors. Secondary colors are green, orange, and purple, and they are created by mixing equal parts of two primary colors: red + yellow = orange; blue + yellow = green; and red + blue = purple. Primary colors Red, yellow, and blue. These are the base colors from which all others are derived. They are called primary because they cannot be created by mixing other colors. Secondary colors","The sources provided discuss traditional color theory and do not contain information regarding Artificial Intelligence12. The sources detail the following aspects of color: • Primary colors are red, yellow, and blue1. They are considered the base colors from which all others are derived1. They are called primary because they cannot be created by mixing other colors1. • Secondary colors are orange, green, and purple (or violet)2. They are created by mixing equal parts of two primary colors together12.     ◦ Orange is created by mixing red + yellow2.     ◦ Green is created by mixing blue + yellow2.     ◦ Purple is created by mixing red + blue2.",0.837410
2025-11-30T08:15:36.112867Z,test_simple_fact::What is the capital of France?,Paris is the capital of France and has a population of 2 million. Tokyo is the capital of Japan and has a population of 1 thousand. Cairo is the capital of Egypt and has a population of 10 million.,The capital of France is Paris1. The source also mentions that Paris has a population of 2 million1.,0.760123
2025-11-30T08:18:25.099533Z,test_simple_fact::What is the capital of France?,Paris is the capital of France and has a population of 2 million. Tokyo is the capital of Japan and has a population of 1 thousand. Cairo is the capital of Egypt and has a population of 10 million.,The capital of France is Paris1. Paris has a population of 2 million1.,0.782852
2025-12-01T20:55:12.901453Z,test_exact_definition::what is test complexity?,"Test coverage is the measure of how much of a system is exercised by testing. Test complexity refers to the difficulty of designing, executing, and maintaining tests. Accuracy means the degree to which a result matches the true value. Consistency refers to the stability of results when the same process is repeated.","Based on the sources, test complexity refers to the difficulty of designing, executing, and maintaining tests1. The sources also define related concepts such as: • Test coverage, which is the measure of how much of a system is exercised by testing1. • Accuracy, meaning the degree to which a result matches the true value1. • Consistency, which refers to the stability of results when the same process is repeated1.",0.918692
2025-12-01T21:21:26.053487Z,test_exact_definition::what is test complexity?,"Test coverage is the measure of how much of a system is exercised by testing. Test complexity refers to the difficulty of designing, executing, and maintaining tests. Accuracy means the degree to which a result matches the true value. Consistency refers to the stability of results when the same process is repeated.","Test complexity refers specifically to the difficulty of designing, executing, and maintaining tests1. In contrast to test complexity, the sources also define: • Test coverage, which is the measure of how much of a system is exercised by testing1. • Accuracy, which means the degree to which a result matches the true value1. • Consistency, which refers to the stability of results when the same process is repeated1.",0.932856
2025-12-01T21:31:36.832434+00:00,test_exact_definition::what is test complexity?,"Test coverage is the measure of how much of a system is exercised by testing. Test complexity refers to the difficulty of designing, executing, and maintaining tests. Accuracy means the degree to which a result matches the true value. Consistency refers to the stability of results when the same process is repeated.","Test complexity refers to the difficulty of designing, executing, and maintaining tests1.",0.710534
2025-12-01T21:33:41.690504+00:00,test_list_answer::List three primary colors in traditional color theory.,"In traditional color theory, primary colors are red, yellow, and blue because they cannot be created by mixing other colors. Secondary colors are green, orange, and purple, and they are created by mixing equal parts of two primary colors: red + yellow = orange; blue + yellow = green; and red + blue = purple. Primary colors Red, yellow, and blue. These are the base colors from which all others are derived. They are called primary because they cannot be created by mixing other colors. Secondary colors","The three primary colors in traditional color theory are red, yellow, and blue1. These colors are considered primary because they cannot be created by mixing other colors1. They function as the base colors from which all other colors are derived1.",0.894170
2025-12-01T21:52:38.406126+00:00,test_list_answer::List three primary colors in traditional color theory.,"In traditional color theory, primary colors are red, yellow, and blue because they cannot be created by mixing other colors. Secondary colors are green, orange, and purple, and they are created by mixing equal parts of two primary colors: red + yellow = orange; blue + yellow = green; and red + blue = purple. Primary colors Red, yellow, and blue. These are the base colors from which all others are derived. They are called primary because they cannot be created by mixing other colors. Secondary colors","The three primary colors in traditional color theory are red, yellow, and blue1. These colors are called primary because they cannot be created by mixing other colors1. They serve as the base colors from which all other colors are derived1. For example, when these primary colors are mixed in equal parts, they create secondary colors: orange (red + yellow), green (blue + yellow), and purple (red + blue)12.",0.944229
2026-04-30T03:48:25.193881+00:00,support.test_offline_scoring,"In traditional color theory, primary colors are red, yellow, and blue because they cannot be created by mixing other colors. Secondary colors are green, orange, and purple, and they are created by mixing equal parts of two primary colors: red + yellow = orange; blue + yellow = green; and red + blue = purple. Primary colors Red, yellow, and blue. These are the base colors from which all others are derived. They are called primary because they cannot be created by mixing other colors. Secondary colors","The three primary colors in traditional color theory are red, yellow, and blue1. These colors are called primary because they cannot be created by mixing other colors1. They serve as the base colors from which all other colors are derived1. For example, when these primary colors are mixed in equal parts, they create secondary colors: orange (red + yellow), green (blue + yellow), and purple (red + blue)12.",0.944229
2026-04-30T03:49:21.024906+00:00,support.test_offline_scoring,"In traditional color theory, primary colors are red, yellow, and blue because they cannot be created by mixing other colors. Secondary colors are green, orange, and purple, and they are created by mixing equal parts of two primary colors: red + yellow = orange; blue + yellow = green; and red + blue = purple. Primary colors Red, yellow, and blue. These are the base colors from which all others are derived. They are called primary because they cannot be created by mixing other colors. Secondary colors","The three primary colors in traditional color theory are red, yellow, and blue1. These colors are called primary because they cannot be created by mixing other colors1. They serve as the base colors from which all other colors are derived1. For example, when these primary colors are mixed in equal parts, they create secondary colors: orange (red + yellow), green (blue + yellow), and purple (red + blue)12.",0.944229
2026-04-30T05:45:35.738893+00:00,support.test_offline_scoring,"In traditional color theory, primary colors are red, yellow, and blue because they cannot be created by mixing other colors. Secondary colors are green, orange, and purple, and they are created by mixing equal parts of two primary colors: red + yellow = orange; blue + yellow = green; and red + blue = purple. Primary colors Red, yellow, and blue. These are the base colors from which all others are derived. They are called primary because they cannot be created by mixing other colors. Secondary colors","The three primary colors in traditional color theory are red, yellow, and blue1. These colors are called primary because they cannot be created by mixing other colors1. They serve as the base colors from which all other colors are derived1. For example, when these primary colors are mixed in equal parts, they create secondary colors: orange (red + yellow), green (blue + yellow), and purple (red + blue)12.",0.944229
2026-04-30T06:20:04.615760+00:00,test_simple_fact::What is the capital of France?,Studio output will be saved here.,The capital of France is Paris 1 . It is also the most populous city in the country 1 .,0.012042
2026-04-30T06:28:23.268022+00:00,test_simple_fact::What is the capital of France?,"City Data This document contains key geographic and demographic facts about major world capitals and countries. France Capital: Paris Paris is the capital and most populous city of France. The population of France is approximately 68 million people. Paris has a population of over 2 million in the city proper, and over 12 million in the greater metropolitan area. Japan Capital: Tokyo The population of Japan is approximately 125 million people. Tokyo is one of the world's most populous metropolitan areas with over 37 million residents. Japan is an island nation located in East Asia.","The capital of France is Paris 1 . It is also the country's most populous city, with over 2 million residents in the city proper and more than 12 million in the greater metropolitan area 1 .",0.825565
2026-04-30T06:32:10.788899+00:00,test_exact_definition::what is test complexity?,"Test Complexity and Test Coverage in Software Quality TEST COMPLEXITY Test complexity refers to the degree of difficulty involved in designing, executing, and maintaining tests for a software system. It is a measure of how hard it is to test a particular piece of software thoroughly. Test complexity is influenced by several factors: Code Complexity: Software with many conditional branches, loops, and nested logic requires more test cases to achieve adequate coverage. High cyclomatic complexity in source code directly increases test complexity. Number of Execution Paths: The more possible execution paths through a function or module, the more difficult it becomes to test all scenarios. Path-based test complexity grows exponentially with the number of conditions. Dependencies and Integration Points: Systems that interact with many external components (databases, APIs, third-party services) have higher test complexity because each interaction introduces new variables that must be validated. State Management: Applications that maintain complex internal state (e.g., multi-step workflows, session-based operations) are more complex to test because tests must account for different state combinations. Concurrency: Multi-threaded or asynchronous systems introduce race conditions and timing-dependent behavior, making tests significantly more complex and potentially non-deterministic.","Test complexity represents the degree of difficulty associated with designing, running, and maintaining tests for a software system 1 . Essentially, it serves as a metric for how challenging it is to thoroughly test a specific piece of software 1 .",0.771221
2026-04-30T06:42:42.672812+00:00,test_simple_fact::What is the capital of France?,"City Data This document contains key geographic and demographic facts about major world capitals and countries. France Capital: Paris Paris is the capital and most populous city of France. The population of France is approximately 68 million people. Paris has a population of over 2 million in the city proper, and over 12 million in the greater metropolitan area. Japan Capital: Tokyo The population of Japan is approximately 125 million people. Tokyo is one of the world's most populous metropolitan areas with over 37 million residents. Japan is an island nation located in East Asia.","The capital of France is Paris 1 . It is also the country's most populous city, with over 2 million residents in the city proper and more than 12 million in the greater metropolitan area 1 .",0.825565
2026-04-30T06:46:48.416286+00:00,test_simple_fact::What is the capital of France?,"City Data This document contains key geographic and demographic facts about major world capitals and countries. France Capital: Paris Paris is the capital and most populous city of France. The population of France is approximately 68 million people. Paris has a population of over 2 million in the city proper, and over 12 million in the greater metropolitan area. Japan Capital: Tokyo The population of Japan is approximately 125 million people. Tokyo is one of the world's most populous metropolitan areas with over 37 million residents. Japan is an island nation located in East Asia.","The capital of France is Paris 1 . It is also the country's most populous city, with over 2 million residents in the city proper and more than 12 million in the greater metropolitan area 1 .",0.825565
2026-04-30T06:47:01.605278+00:00,test_exact_definition::what is test complexity?,"Test Complexity and Test Coverage in Software Quality TEST COMPLEXITY Test complexity refers to the degree of difficulty involved in designing, executing, and maintaining tests for a software system. It is a measure of how hard it is to test a particular piece of software thoroughly. Test complexity is influenced by several factors: Code Complexity: Software with many conditional branches, loops, and nested logic requires more test cases to achieve adequate coverage. High cyclomatic complexity in source code directly increases test complexity. Number of Execution Paths: The more possible execution paths through a function or module, the more difficult it becomes to test all scenarios. Path-based test complexity grows exponentially with the number of conditions. Dependencies and Integration Points: Systems that interact with many external components (databases, APIs, third-party services) have higher test complexity because each interaction introduces new variables that must be validated. State Management: Applications that maintain complex internal state (e.g., multi-step workflows, session-based operations) are more complex to test because tests must account for different state combinations. Concurrency: Multi-threaded or asynchronous systems introduce race conditions and timing-dependent behavior, making tests significantly more complex and potentially non-deterministic.","Test complexity represents the degree of difficulty associated with designing, running, and maintaining tests for a software system 1 . Essentially, it serves as a metric for how challenging it is to thoroughly test a specific piece of software 1 . According to the sources, test complexity is driven by five primary factors: Code Complexity: High cyclomatic complexity—caused by numerous loops, conditional branches, and nested logic—directly increases the number of test cases needed for adequate coverage 1 . Execution Paths: As the number of possible paths through a module increases, testing every scenario becomes more difficult; this complexity grows exponentially with the number of conditions 1 . Dependencies and Integration Points: Interacting with external services, such as APIs, databases, or third-party components, introduces new variables that must be validated, thereby increasing complexity 1 . State Management: Systems with multi-step workflows or session-based operations are harder to test because the tests must account for various combinations of internal states 1 . Concurrency: Asynchronous or multi-threaded systems are significantly more complex to test because they introduce timing-dependent behaviours and race conditions, which can lead to non-deterministic results 1 . To manage and reduce test complexity, the sources suggest refactoring code to lower cyclomatic complexity, breaking large functions into smaller, more manageable units, and utilizing design patterns that promote loose coupling and better testability 2 .",0.914940
2026-04-30T06:51:06.774810+00:00,test_multi_fact::Name two advantages of automated software testing.,"Automated Software Testing Automated software testing is the practice of using software tools to execute pre-scripted tests on a software application before it is released into production. This document outlines the key concepts, advantages, and challenges of automated software testing. Advantages of Automated Software Testing : Automated tests can run significantly faster than manual tests. A test suite that would take a human tester hours to execute manually can be completed in minutes with automation. This allows teams to test more frequently and catch bugs earlier in the development cycle. : Automated tests produce consistent results every time they run. Unlike human testers, automated tests do not suffer from fatigue, distraction, or oversight. Each test is executed in exactly the same way, eliminating variability caused by human error. : While setting up automated tests requires an initial investment of time and resources, automated testing reduces long-term costs significantly. Once written, tests can be reused across multiple releases without additional cost, whereas manual testing requires continuous human effort. : Automation allows teams to run a much larger number of test cases across different configurations, browsers, operating systems, and devices simultaneously. This broader coverage would be impractical to achieve through manual testing alone. : Automated tests excel at catching regressions—bugs introduced when new code changes break existing functionality. Running the full test suite after every change ensures that previously working features continue to work correctly. : Automated tests integrate seamlessly with Continuous Integration and Continuous Deployment (CI/CD) pipelines. Tests can be triggered automatically with every code commit, providing immediate feedback to developers. : Automated tests can be executed in parallel across multiple machines or environments simultaneously, dramatically reducing the total time needed to validate a software build.","Two advantages of automated software testing include: Speed and Efficiency: Automated tests execute much faster than manual ones, allowing suites that would normally take a human hours to complete to be finished in minutes 1 . This enables teams to test more often and identify bugs earlier in the development process 1 . Repeatability and Consistency: Unlike human testers, automated tests perform every",0.821196
2026-04-30T06:52:10.687065+00:00,test_list_answer::List three primary colors in traditional color theory.,"Primary Colors and Secondary Derivatives in Traditional Color Theory Introduction Traditional color theory, rooted in the work of artists and color theorists from the 17th century onward, describes a system of colors based on pigments used in painting and printing. This differs from the additive color model used in light (RGB) and forms the basis of classical art education. The Three Primary Colors In traditional color theory, the three primary colors are the foundation of all other colors. These colors are considered ""primary"" because they cannot be created by mixing any other colors together. They are:","In traditional color theory, the three primary colors are the foundation of all other colors and cannot be created by mixing other pigments together 1 . According to the sources, they are: Red: A warm color that serves as a",0.777989
2026-04-30T06:53:26.822499+00:00,test_multi_question_consistency::Name two advantages of automated software testing.,"Automated Software Testing Automated software testing is the practice of using software tools to execute pre-scripted tests on a software application before it is released into production. This document outlines the key concepts, advantages, and challenges of automated software testing. Advantages of Automated Software Testing : Automated tests can run significantly faster than manual tests. A test suite that would take a human tester hours to execute manually can be completed in minutes with automation. This allows teams to test more frequently and catch bugs earlier in the development cycle. : Automated tests produce consistent results every time they run. Unlike human testers, automated tests do not suffer from fatigue, distraction, or oversight. Each test is executed in exactly the same way, eliminating variability caused by human error. : While setting up automated tests requires an initial investment of time and resources, automated testing reduces long-term costs significantly. Once written, tests can be reused across multiple releases without additional cost, whereas manual testing requires continuous human effort. : Automation allows teams to run a much larger number of test cases across different configurations, browsers, operating systems, and devices simultaneously. This broader coverage would be impractical to achieve through manual testing alone. : Automated tests excel at catching regressions—bugs introduced when new code changes break existing functionality. Running the full test suite after every change ensures that previously working features continue to work correctly. : Automated tests integrate seamlessly with Continuous Integration and Continuous Deployment (CI/CD) pipelines. Tests can be triggered automatically with every code commit, providing immediate feedback to developers. : Automated tests can be executed in parallel across multiple machines or environments simultaneously, dramatically reducing the total time needed to validate a software build.","Two advantages of automated software testing include: Speed and Efficiency: Automated tests execute much faster than manual ones, allowing suites that would normally take a human hours to complete to be finished in minutes 1 . This enables teams to test more often and identify bugs earlier in the development process 1 . Repeatability and Consistency: Unlike human testers, automated tests perform every action exactly the same way every time without fatigue or distraction 1 . This removes the risk of human error and ensures the results are consistent across every run 1 .",0.828601
2026-04-30T06:57:15.796808+00:00,test_non_available_content::what is Artificial Intelligence in Software Testing Industry?,"Primary Colors and Secondary Derivatives in Traditional Color Theory Introduction Traditional color theory, rooted in the work of artists and color theorists from the 17th century onward, describes a system of colors based on pigments used in painting and printing. This differs from the additive color model used in light (RGB) and forms the basis of classical art education. The Three Primary Colors In traditional color theory, the three primary colors are the foundation of all other colors. These colors are considered ""primary"" because they cannot be created by mixing any other colors together. They are:","In traditional color theory, the three primary colors are the foundation of all other colors and cannot be created by mixing other pigments together 1 . According to the sources, they are: Red: A warm color that serves as a base for creating orange and purple 2 . Blue: A cool color used to form purple and green 2 . Yellow: A bright, warm color used to make orange and green 2 . Together, these three colors form the basis of the RYB (Red-Yellow-Blue) color model used in classical art and design education 3 .",0.773092
2026-04-30T06:58:33.096857+00:00,test_query_response_semantic::What is the population of Japan?,"City Data This document contains key geographic and demographic facts about major world capitals and countries. France Capital: Paris Paris is the capital and most populous city of France. The population of France is approximately 68 million people. Paris has a population of over 2 million in the city proper, and over 12 million in the greater metropolitan area. Japan Capital: Tokyo The population of Japan is approximately 125 million people. Tokyo is one of the world's most populous metropolitan areas with over 37 million residents. Japan is an island nation located in East Asia.","The capital of France is Paris 1 . It is also the country's most populous city, with over 2 million residents in the city proper and more than 12 million in the greater metropolitan area 1 .",0.825565
2026-04-30T07:01:16.963077+00:00,test_exact_definition::what is test complexity?,"Test Complexity and Test Coverage in Software Quality TEST COMPLEXITY Test complexity refers to the degree of difficulty involved in designing, executing, and maintaining tests for a software system. It is a measure of how hard it is to test a particular piece of software thoroughly. Test complexity is influenced by several factors: Code Complexity: Software with many conditional branches, loops, and nested logic requires more test cases to achieve adequate coverage. High cyclomatic complexity in source code directly increases test complexity. Number of Execution Paths: The more possible execution paths through a function or module, the more difficult it becomes to test all scenarios. Path-based test complexity grows exponentially with the number of conditions. Dependencies and Integration Points: Systems that interact with many external components (databases, APIs, third-party services) have higher test complexity because each interaction introduces new variables that must be validated. State Management: Applications that maintain complex internal state (e.g., multi-step workflows, session-based operations) are more complex to test because tests must account for different state combinations. Concurrency: Multi-threaded or asynchronous systems introduce race conditions and timing-dependent behavior, making tests significantly more complex and potentially non-deterministic.","Test complexity is a measure of how difficult it is to design, execute, and maintain tests for a software system 1 . Essentially, it gauges the effort required to test a particular piece of software thoroughly 1 . The complexity of testing is influenced by several key factors within the software: Code Complexity: High cyclomatic complexity—software with numerous conditional branches, loops, and",0.839449
2026-04-30T07:01:28.299677+00:00,test_list_answer::List three primary colors in traditional color theory.,"Primary Colors and Secondary Derivatives in Traditional Color Theory Introduction Traditional color theory, rooted in the work of artists and color theorists from the 17th century onward, describes a system of colors based on pigments used in painting and printing. This differs from the additive color model used in light (RGB) and forms the basis of classical art education. The Three Primary Colors In traditional color theory, the three primary colors are the foundation of all other colors. These colors are considered ""primary"" because they cannot be created by mixing any other colors together. They are:","In traditional color theory, the three primary colors are the foundation of all other colors because they cannot be created by mixing any other pigments together 1 . These three colors are: Red 2 3 Blue 2 3 Yellow 2 3 These colors form the basis of the RYB (Red-Yellow-Blue) color model, which is a",0.777549
2026-04-30T07:01:39.465130+00:00,test_multi_fact::Name two advantages of automated software testing.,"Automated Software Testing Automated software testing is the practice of using software tools to execute pre-scripted tests on a software application before it is released into production. This document outlines the key concepts, advantages, and challenges of automated software testing. Advantages of Automated Software Testing : Automated tests can run significantly faster than manual tests. A test suite that would take a human tester hours to execute manually can be completed in minutes with automation. This allows teams to test more frequently and catch bugs earlier in the development cycle. : Automated tests produce consistent results every time they run. Unlike human testers, automated tests do not suffer from fatigue, distraction, or oversight. Each test is executed in exactly the same way, eliminating variability caused by human error. : While setting up automated tests requires an initial investment of time and resources, automated testing reduces long-term costs significantly. Once written, tests can be reused across multiple releases without additional cost, whereas manual testing requires continuous human effort. : Automation allows teams to run a much larger number of test cases across different configurations, browsers, operating systems, and devices simultaneously. This broader coverage would be impractical to achieve through manual testing alone. : Automated tests excel at catching regressions—bugs introduced when new code changes break existing functionality. Running the full test suite after every change ensures that previously working features continue to work correctly. : Automated tests integrate seamlessly with Continuous Integration and Continuous Deployment (CI/CD) pipelines. Tests can be triggered automatically with every code commit, providing immediate feedback to developers. : Automated tests can be executed in parallel across multiple machines or environments simultaneously, dramatically reducing the total time needed to validate a software build.","Two advantages of automated software testing include: Speed and Efficiency: Automated tests can be executed significantly faster than manual tests. For instance, a test suite that would take a human hours to complete manually can often be finished in minutes through automation, allowing for more frequent testing and earlier bug detection 1 . Repeatability and Consistency: Because automated tests are executed in exactly the same way every time, they provide consistent results. They eliminate the variability caused by human factors such as fatigue, distraction, or oversight 1 .",0.810045
2026-04-30T07:01:51.263019+00:00,test_multi_question_consistency::Name two advantages of automated software testing.,"Automated Software Testing Automated software testing is the practice of using software tools to execute pre-scripted tests on a software application before it is released into production. This document outlines the key concepts, advantages, and challenges of automated software testing. Advantages of Automated Software Testing : Automated tests can run significantly faster than manual tests. A test suite that would take a human tester hours to execute manually can be completed in minutes with automation. This allows teams to test more frequently and catch bugs earlier in the development cycle. : Automated tests produce consistent results every time they run. Unlike human testers, automated tests do not suffer from fatigue, distraction, or oversight. Each test is executed in exactly the same way, eliminating variability caused by human error. : While setting up automated tests requires an initial investment of time and resources, automated testing reduces long-term costs significantly. Once written, tests can be reused across multiple releases without additional cost, whereas manual testing requires continuous human effort. : Automation allows teams to run a much larger number of test cases across different configurations, browsers, operating systems, and devices simultaneously. This broader coverage would be impractical to achieve through manual testing alone. : Automated tests excel at catching regressions—bugs introduced when new code changes break existing functionality. Running the full test suite after every change ensures that previously working features continue to work correctly. : Automated tests integrate seamlessly with Continuous Integration and Continuous Deployment (CI/CD) pipelines. Tests can be triggered automatically with every code commit, providing immediate feedback to developers. : Automated tests can be executed in parallel across multiple machines or environments simultaneously, dramatically reducing the total time needed to validate a software build.","Two advantages of automated software testing include: Speed and Efficiency: Automated tests can be executed significantly faster than manual tests. For instance, a test suite that would take a human hours to complete manually can often be finished in minutes through automation, allowing for more frequent testing and earlier bug detection 1 . Repeatability and Consistency: Because automated tests are executed in exactly the same way every time, they provide consistent results. They eliminate the variability caused by human factors such as fatigue, distraction, or oversight 1 .",0.810045
2026-04-30T07:02:03.335130+00:00,test_non_available_content::what is Artificial Intelligence in Software Testing Industry?,"Primary Colors and Secondary Derivatives in Traditional Color Theory Introduction Traditional color theory, rooted in the work of artists and color theorists from the 17th century onward, describes a system of colors based on pigments used in painting and printing. This differs from the additive color model used in light (RGB) and forms the basis of classical art education. The Three Primary Colors In traditional color theory, the three primary colors are the foundation of all other colors. These colors are considered ""primary"" because they cannot be created by mixing any other colors together. They are:","In traditional color theory, the three primary colors are the foundation of all other colors because they cannot be created by mixing any other pigments together 1 . These three colors are: Red 2 3 Blue 2 3 Yellow 2 3 These colors form the basis of the RYB (Red-Yellow-Blue) color model, which is a system rooted in the work of artists and theorists since the 17th century and is still used in classical art education today 1 3 .",0.822623
2026-04-30T07:02:12.810593+00:00,test_query_response_semantic::What is the population of Japan?,"City Data This document contains key geographic and demographic facts about major world capitals and countries. France Capital: Paris Paris is the capital and most populous city of France. The population of France is approximately 68 million people. Paris has a population of over 2 million in the city proper, and over 12 million in the greater metropolitan area. Japan Capital: Tokyo The population of Japan is approximately 125 million people. Tokyo is one of the world's most populous metropolitan areas with over 37 million residents. Japan is an island nation located in East Asia.",The population of Japan is approximately 125 million people 1 .,0.538080
2026-04-30T07:02:24.456800+00:00,test_simple_fact::What is the capital of France?,"City Data This document contains key geographic and demographic facts about major world capitals and countries. France Capital: Paris Paris is the capital and most populous city of France. The population of France is approximately 68 million people. Paris has a population of over 2 million in the city proper, and over 12 million in the greater metropolitan area. Japan Capital: Tokyo The population of Japan is approximately 125 million people. Tokyo is one of the world's most populous metropolitan areas with over 37 million residents. Japan is an island nation located in East Asia.",The population of Japan is approximately 125 million people 1 .,0.538080
2026-04-30T07:04:31.733984+00:00,test_list_answer::List three primary colors in traditional color theory.,"— A warm, vibrant color that represents the first primary. Red cannot be produced by combining any other pigments. It is used as a base to create orange (with yellow) and purple/violet (with blue). — A cool color that serves as the second primary pigment. Blue cannot be made by mixing other colors. It combines with red to form purple and with yellow to form green. — A bright, warm color that is the third primary pigment. Like red and blue, yellow cannot be produced by mixing other colors. It combines with red to make orange and with blue to make green.","In traditional color theory, the three primary colors are red, blue, and yellow 1 , 2 . These are considered primary because they cannot be created by mixing any other pigments together 3 ,",0.791591
2026-04-30T07:04:42.700064+00:00,test_multi_fact::Name two advantages of automated software testing.,"Automated Software Testing Automated software testing is the practice of using software tools to execute pre-scripted tests on a software application before it is released into production. This document outlines the key concepts, advantages, and challenges of automated software testing. Advantages of Automated Software Testing : Automated tests can run significantly faster than manual tests. A test suite that would take a human tester hours to execute manually can be completed in minutes with automation. This allows teams to test more frequently and catch bugs earlier in the development cycle. : Automated tests produce consistent results every time they run. Unlike human testers, automated tests do not suffer from fatigue, distraction, or oversight. Each test is executed in exactly the same way, eliminating variability caused by human error. : While setting up automated tests requires an initial investment of time and resources, automated testing reduces long-term costs significantly. Once written, tests can be reused across multiple releases without additional cost, whereas manual testing requires continuous human effort. : Automation allows teams to run a much larger number of test cases across different configurations, browsers, operating systems, and devices simultaneously. This broader coverage would be impractical to achieve through manual testing alone. : Automated tests excel at catching regressions—bugs introduced when new code changes break existing functionality. Running the full test suite after every change ensures that previously working features continue to work correctly. : Automated tests integrate seamlessly with Continuous Integration and Continuous Deployment (CI/CD) pipelines. Tests can be triggered automatically with every code commit, providing immediate feedback to developers. : Automated tests can be executed in parallel across multiple machines or environments simultaneously, dramatically reducing the total time needed to validate a software build.","Two advantages of automated software testing, according to the sources, include: Speed and Efficiency: Automated tests are capable of running much faster than manual tests, completing in minutes what might take a human tester hours 1 . This increased speed enables development teams to test more frequently and identify bugs earlier in the process 1 . Repeatability and Consistency: Unlike human testers, automated tests do not experience fatigue or distraction, ensuring that",0.797000
2026-04-30T07:04:54.745065+00:00,test_multi_question_consistency::Name two advantages of automated software testing.,"Automated Software Testing Automated software testing is the practice of using software tools to execute pre-scripted tests on a software application before it is released into production. This document outlines the key concepts, advantages, and challenges of automated software testing. Advantages of Automated Software Testing : Automated tests can run significantly faster than manual tests. A test suite that would take a human tester hours to execute manually can be completed in minutes with automation. This allows teams to test more frequently and catch bugs earlier in the development cycle. : Automated tests produce consistent results every time they run. Unlike human testers, automated tests do not suffer from fatigue, distraction, or oversight. Each test is executed in exactly the same way, eliminating variability caused by human error. : While setting up automated tests requires an initial investment of time and resources, automated testing reduces long-term costs significantly. Once written, tests can be reused across multiple releases without additional cost, whereas manual testing requires continuous human effort. : Automation allows teams to run a much larger number of test cases across different configurations, browsers, operating systems, and devices simultaneously. This broader coverage would be impractical to achieve through manual testing alone. : Automated tests excel at catching regressions—bugs introduced when new code changes break existing functionality. Running the full test suite after every change ensures that previously working features continue to work correctly. : Automated tests integrate seamlessly with Continuous Integration and Continuous Deployment (CI/CD) pipelines. Tests can be triggered automatically with every code commit, providing immediate feedback to developers. : Automated tests can be executed in parallel across multiple machines or environments simultaneously, dramatically reducing the total time needed to validate a software build.","Two advantages of automated software testing, according to the sources, include: Speed and Efficiency: Automated tests are capable of running much faster than manual tests, completing in minutes what might take a human tester hours 1 . This increased speed enables development teams to test more frequently and identify bugs earlier in the process 1 . Repeatability and Consistency: Unlike human testers, automated tests do not experience fatigue or distraction, ensuring that tests are executed exactly the same way every time 1 . This eliminates the variability and potential for oversight often associated with manual testing 1 .",0.804864
2026-04-30T07:05:06.363799+00:00,test_non_available_content::what is Artificial Intelligence in Software Testing Industry?,"— A warm, vibrant color that represents the first primary. Red cannot be produced by combining any other pigments. It is used as a base to create orange (with yellow) and purple/violet (with blue). — A cool color that serves as the second primary pigment. Blue cannot be made by mixing other colors. It combines with red to form purple and with yellow to form green. — A bright, warm color that is the third primary pigment. Like red and blue, yellow cannot be produced by mixing other colors. It combines with red to make orange and with blue to make green.","In traditional color theory, the three primary colors are red, blue, and yellow 1 , 2 . These are considered primary because they cannot be created by mixing any other pigments together 3 , 1 . They serve as the foundation for the traditional RYB (Red-Yellow-Blue) color model used in classical art and design education 2 .",0.696484
2026-04-30T07:05:15.928643+00:00,test_query_response_semantic::What is the population of Japan?,"City Data This document contains key geographic and demographic facts about major world capitals and countries. France Capital: Paris Paris is the capital and most populous city of France. The population of France is approximately 68 million people. Paris has a population of over 2 million in the city proper, and over 12 million in the greater metropolitan area. Japan Capital: Tokyo The population of Japan is approximately 125 million people. Tokyo is one of the world's most populous metropolitan areas with over 37 million residents. Japan is an island nation located in East Asia.",The population of Japan is approximately 125 million people 1 .,0.538080
2026-04-30T07:05:25.926878+00:00,test_simple_fact::What is the capital of France?,"City Data This document contains key geographic and demographic facts about major world capitals and countries. France Capital: Paris Paris is the capital and most populous city of France. The population of France is approximately 68 million people. Paris has a population of over 2 million in the city proper, and over 12 million in the greater metropolitan area. Japan Capital: Tokyo The population of Japan is approximately 125 million people. Tokyo is one of the world's most populous metropolitan areas with over 37 million residents. Japan is an island nation located in East Asia.","The capital of France is Paris 1 . It is also the country's most populous city, with a population of over 2 million in the city proper and over 12 million in its greater metropolitan area 1 .",0.834364
2026-05-02T02:18:15.148709+00:00,support.test_offline_scoring,"City Data This document contains key geographic and demographic facts about major world capitals and countries. France Capital: Paris Paris is the capital and most populous city of France. The population of France is approximately 68 million people. Paris has a population of over 2 million in the city proper, and over 12 million in the greater metropolitan area. Japan Capital: Tokyo The population of Japan is approximately 125 million people. Tokyo is one of the world's most populous metropolitan areas with over 37 million residents. Japan is an island nation located in East Asia.","The capital of France is Paris 1 . It is also the country's most populous city, with a population of over 2 million in the city proper and over 12 million in its greater metropolitan area 1 .",0.834364
2026-05-02T02:19:02.334742+00:00,tc2_single_source::Who created the Python programming language and in what year was it first released?,Python (programming language) - Wikipedia [-] Main menu Main menu move to sidebar hide Navigation Contribute Search [-] Appearance [-] Personal tools Contents move to sidebar hide Toggle Syntax and semantics subsection Toggle Implementations subsection Toggle References subsection [-],"Python was created by Guido van Rossum 1 2 . He first released the language on 20 February 1991 as version 0.9.0 2 3 . Van Rossum began working on Python in the late 1980s at Centrum Wiskunde & Informatica (CWI) in the Netherlands as a successor to the ABC programming language 2 . He remained the lead developer and ""benevolent dictator for life"" (BDFL) of the project until July 201",0.413663
2026-05-02T02:19:15.182536+00:00,"tc3_multi_source::What are the main programming paradigms supported by Python and JavaScript, and what are their typical use cases in modern software development?","Screenshot of JavaScript source code : , , , , Family of first; then others contributed to standard First appeared 4 December 1995; 30 years ago ( 1995-12-04) ECMAScript 2024 / June 2024; 23 months ago ( June 2024) ECMAScript 2025 / 27 March 2024; 2 years ago ( 27 March 2024) , ,","Python and JavaScript are both highly versatile, **",0.407438
2026-05-02T02:19:45.094969+00:00,tc8_relevant_retrieval::What are the primary human activities that scientists identify as the main drivers of climate change?,"National responses Annual . This measures fossil fuel and industry emissions. is not included. In 2019, the became the first national government to declare a climate emergency. Other countries and followed suit. That same year, the declared a ""climate and environmental emergency"". The presented its with the goal of making the EU carbon-neutral by 2050. In 2021, the European Commission released its "" "" legislation package, which contains guidelines for the ; all new cars on the European market must be from 2035.","Scientists identify the primary human driver of modern climate change as the release of greenhouse gases, primarily resulting from activities that began during the Industrial Revolution 1 2 . There is nearly unanimous scientific consensus that human activities are the unequivocal cause of recent warming 3 . The specific activities identified as the main drivers include: Fossil Fuel Combustion: The burning of coal, oil, and natural gas is the most significant contributor 1 2 . These fuels are used to provide energy for transportation, manufacturing, heating, and electricity generation 4 . This process is the leading",0.369826
2026-05-02T02:19:56.174093+00:00,tc9_partial_relevance::What testing strategies are specifically recommended for microservices and containerized cloud-native applications?,"The technique was popularized in web development by the Ruby library . Contract Testing [ ] testing, not to be confused with the aforementioned legally-motivated contractual acceptance testing, is a methodology consisting of testing the integration point between any two software services by checking if the requests and responses sent between each conform to a shared set of expectations commonly referred to as a contract. It is often used in the context of , , and .","For microservices and distributed, cloud-native architectures, the sources specifically highlight contract testing and continuous testing as key methodologies. Key Strategies for Microservices Contract Testing: This methodology is frequently used for microservices, service-oriented architectures, and distributed systems 1 . It focuses on the integration points between software services by verifying that the requests and responses exchanged conform to a shared ""contract"" or set of expectations 1 .",0.572811
2026-05-02T02:26:16.163560+00:00,tc2_single_source::Who created the Python programming language and in what year was it first released?,Python (programming language) - Wikipedia [-] Main menu Main menu move to sidebar hide Navigation Contribute Search [-] Appearance [-] Personal tools Contents move to sidebar hide Toggle Syntax and semantics subsection Toggle Implementations subsection Toggle References subsection [-],The system was unable to answer.,0.061629
2026-05-02T02:26:26.407011+00:00,"tc3_multi_source::What are the main programming paradigms supported by Python and JavaScript, and what are their typical use cases in modern software development?","Screenshot of JavaScript source code : , , , , Family of first; then others contributed to standard First appeared 4 December 1995; 30 years ago ( 1995-12-04) ECMAScript 2024 / June 2024; 23 months ago ( June 2024) ECMAScript 2025 / 27 March 2024; 2 years ago ( 27 March 2024) , ,","Python and JavaScript are both highly versatile, multi-paradigm languages. While they share some similarities, their primary designs and common applications in modern development differ significantly. Python Main Programming Paradigms Python is designed as a general-purpose language that emphasizes readability 1 . Its supported paradigms include: Object-Oriented & Structured: These are fully supported by the core language 2 . Python's object model allows for the creation of custom types using the class statement 3 4 . Procedural (Imperative): Python supports traditional step-by-step programming with standard control flow statements like if, for, and while 3 5 . Functional: It offers functional tools in the ""Lisp tradition,"" including filter, map, and reduce functions, as well as list comprehensions and generator expressions 6 7 . Reflective & Aspect-Oriented: These are supported through features like metaprogramming and metaobjects 2 5 . Extensions: Paradigms like logic programming and design-by-contract are available via third-party extensions 2 . Typical Use Cases Python is often referred to as a ""glue language"" because it is purposely designed to integrate components written in different languages 2 . Artificial Intelligence and Machine Learning: Python is the ""lingua franca"" of data science and AI, supported by a massive ecosystem of libraries like TensorFlow, PyTorch, and scikit-learn 8 more_horiz . Scientific Computing: Libraries such as NumPy and SciPy make it a standard for numerical data processing and research 11 12 . Web Development (Backend): It powers the server-side logic of websites through frameworks like Django, Flask, and FastAPI 13 . Education: Due to its ""plain English"" naming and clear syntax, it is the most common introductory programming language 1 14 . Embedded Systems: Optimized variants like MicroPython and CircuitPython allow it to run on microcontrollers 15 16 . -------------------------------------------------------------------------------- JavaScript Main Programming Paradigms JavaScript was originally designed as a ""language for the masses"" to add interactivity to web pages 17 . Object-Oriented (Prototype-based): Unlike Python’s class-based model, JavaScript uses prototypal inheritance, where objects inherit directly from other objects 18 19 . Modern class syntax exists as ""syntactic sugar"" for this underlying system 20 . Functional: JavaScript has featured first-class functions from its inception and supports lexical closures and anonymous functions 18 more_horiz . Event-Driven: This is a core paradigm, utilizing an event loop to handle non-blocking I/O operations 24 25 . Imperative & Procedural C-style syntax: It supports standard structured programming syntax like switch statements and while loops 24 26 . Delegative: It natively supports patterns like Traits and Mixins through function-based delegation 22 . Typical Use Cases JavaScript is a core technology of the World Wide Web, used by 99% of all websites for client-side behavior 27 28 . Web Development (Client-Side): It is used for dynamic content, such as Ajax for loading data without page refreshes, animations, and form validation 28 29 . Server-Side Development: Runtimes like Node.js, Deno, and Bun allow JavaScript to be used for building scalable backend services 26 more_horiz . Cross-Platform Applications: Frameworks like Electron are used for desktop apps, while React Native and Cordova are used for mobile application development 32 . Game Development: It is frequently used for creating games that run directly within web browsers 28 . Embedded Systems: Through Node.js, it can be used for devices like the Raspberry Pi 33 34 .",0.232363
